Route,Location,URL,"Avg Stars","Your Stars","Route Type",Rating,Pitches,Length,"Area Latitude","Area Longitude"
"Apollo Reed","The Coliseum > Summersville Lake (main) > Summersville (Gauley River) Area > The New River Gorge Region > West Virginia",https://www.mountainproject.com/route/105989372/apollo-reed,3.9,-1,Sport,5.13a,1,90,38.24146,-80.84583
"Slash and Burn","7. Seven Eleven Wall > Kaymoor > New River Gorge Proper > The New River Gorge Region > West Virginia",https://www.mountainproject.com/route/106419038/slash-and-burn,4.0,-1,Sport,5.12d,1,80,38.05238,-81.07272
Pod,"The Coliseum > Summersville Lake (main) > Summersville (Gauley River) Area > The New River Gorge Region > West Virginia",https://www.mountainproject.com/route/106133390/pod,3.9,-1,Sport,5.13b,1,70,38.24146,-80.84583
"Eye of Mordor","1. First Buttress > Upper Meadow > Meadow River Gorge > The New River Gorge Region > West Virginia",https://www.mountainproject.com/route/107361553/eye-of-mordor,3.6,-1,Sport,5.13a,1,110,38.14319,-80.91967
"Lactic Acid Bath","1. The Hole > Kaymoor > New River Gorge Proper > The New River Gorge Region > West Virginia",https://www.mountainproject.com/route/105944388/lactic-acid-bath,3.9,-1,Sport,5.12d,1,70,38.0449,-81.06561
"Skylore Engine","R) The Cirque > Endless Wall > New River Gorge Proper > The New River Gorge Region > West Virginia",https://www.mountainproject.com/route/106961501/skylore-engine,4.0,-1,Sport,5.13a/b,1,95,38.05615,-81.04359
"Narcissus Direct","Narcissus Cave > Summersville Lake (main) > Summersville (Gauley River) Area > The New River Gorge Region > West Virginia",https://www.mountainproject.com/route/106062736/narcissus-direct,3.3,-1,Sport,5.12c/d,1,50,38.24193,-80.84067
"Blood Raid","1. The Hole > Kaymoor > New River Gorge Proper > The New River Gorge Region > West Virginia",https://www.mountainproject.com/route/105970375/blood-raid,3.9,-1,Sport,5.13a,1,60,38.0449,-81.06561
"Dial 911","J) Snake Buttress > Endless Wall > New River Gorge Proper > The New River Gorge Region > West Virginia",https://www.mountainproject.com/route/105970498/dial-911,4.0,-1,Sport,5.13a,1,80,38.05474,-81.05704
"Pudd's Pretty Dress","E) Kaymoor Slabs > Endless Wall > New River Gorge Proper > The New River Gorge Region > West Virginia",https://www.mountainproject.com/route/106579581/pudds-pretty-dress,3.9,-1,Sport,5.12d,1,90,38.05426,-81.06106
"Quinsana Plus","I) Honeymooner's Area > Endless Wall > New River Gorge Proper > The New River Gorge Region > West Virginia",https://www.mountainproject.com/route/106936801/quinsana-plus,3.9,-1,Sport,5.13a,1,80,38.05426,-81.05828
"The Mercy Seat","The Coliseum > Summersville Lake (main) > Summersville (Gauley River) Area > The New River Gorge Region > West Virginia",https://www.mountainproject.com/route/106133382/the-mercy-seat,3.8,-1,Sport,5.13a/b,1,80,38.24146,-80.84583
"Mighty Dog (aka Lavender Days)","3 Greatest Show Area > Lower Meadow > Meadow River Gorge > The New River Gorge Region > West Virginia",https://www.mountainproject.com/route/107193060/mighty-dog-aka-lavender-days,4.0,-1,Sport,5.13a,1,90,38.15303,-80.93231
"Black Rider (aka Pocket Route)","J) Snake Buttress > Endless Wall > New River Gorge Proper > The New River Gorge Region > West Virginia",https://www.mountainproject.com/route/107384950/black-rider-aka-pocket-route,3.8,-1,Sport,5.13a,1,90,38.05474,-81.05704
"Devil Doll","1. The Hole > Kaymoor > New River Gorge Proper > The New River Gorge Region > West Virginia",https://www.mountainproject.com/route/106703837/devil-doll,3.8,-1,Sport,5.12d,1,60,38.0449,-81.06561
"Ruda Tovar (AKA Porter's 12c)","3 Greatest Show Area > Lower Meadow > Meadow River Gorge > The New River Gorge Region > West Virginia",https://www.mountainproject.com/route/107533585/ruda-tovar-aka-porters-12c,3.9,-1,Sport,5.12d,1,70,38.15303,-80.93231
"Welcome to Conditioning","4) Just Send It Wall > Fern Buttress > New River Gorge Proper > The New River Gorge Region > West Virginia",https://www.mountainproject.com/route/107331686/welcome-to-conditioning,3.9,-1,Sport,5.12d,1,40,38.06357,-81.06849
"Fuel Injector","7. Seven Eleven Wall > Kaymoor > New River Gorge Proper > The New River Gorge Region > West Virginia",https://www.mountainproject.com/route/106425641/fuel-injector,3.8,-1,Sport,5.13b,1,80,38.05238,-81.07272
"White Trash","2 Toxic Hueco Area > Lower Meadow > Meadow River Gorge > The New River Gorge Region > West Virginia",https://www.mountainproject.com/route/107084114/white-trash,3.8,-1,Sport,5.13a,1,40,38.15323,-80.93233
Sanctified,"2. First Buttress > Kaymoor > New River Gorge Proper > The New River Gorge Region > West Virginia",https://www.mountainproject.com/route/107652860/sanctified,4.0,-1,Sport,5.12d,1,90,38.04588,-81.06645
Dissonance,"J) Snake Buttress > Endless Wall > New River Gorge Proper > The New River Gorge Region > West Virginia",https://www.mountainproject.com/route/107826096/dissonance,3.6,-1,Sport,5.13a,1,90,38.05474,-81.05704
BC,"The Coliseum > Summersville Lake (main) > Summersville (Gauley River) Area > The New River Gorge Region > West Virginia",https://www.mountainproject.com/route/106215459/bc,3.9,-1,Sport,5.13c,1,70,38.24146,-80.84583
Confirmation,"J) Snake Buttress > Endless Wall > New River Gorge Proper > The New River Gorge Region > West Virginia",https://www.mountainproject.com/route/106001169/confirmation,4.0,-1,Sport,5.13b,1,90,38.05474,-81.05704
"Super Mario","1) Super Mario Boulder > Beauty Mountain > New River Gorge Proper > The New River Gorge Region > West Virginia",https://www.mountainproject.com/route/106216446/super-mario,3.6,-1,Sport,5.13a,1,40,38.05531,-81.0362
"White Lightning","5. White Wall > Kaymoor > New River Gorge Proper > The New River Gorge Region > West Virginia",https://www.mountainproject.com/route/110215871/white-lightning,3.8,-1,Sport,5.13b,1,80,38.04953,-81.07039
"Ride The Lightning","R) The Cirque > Endless Wall > New River Gorge Proper > The New River Gorge Region > West Virginia",https://www.mountainproject.com/route/105971958/ride-the-lightning,3.7,-1,Sport,5.13b/c,1,90,38.05615,-81.04359
"Just Send It","4) Just Send It Wall > Fern Buttress > New River Gorge Proper > The New River Gorge Region > West Virginia",https://www.mountainproject.com/route/107640747/just-send-it,3.9,-1,Sport,5.13b,1,60,38.06357,-81.06849
"Corner Pocket","1. First Buttress > Upper Meadow > Meadow River Gorge > The New River Gorge Region > West Virginia",https://www.mountainproject.com/route/107361544/corner-pocket,3.7,-1,Sport,5.13a,1,90,38.14319,-80.91967
"Satanic Verses","I) Honeymooner's Area > Endless Wall > New River Gorge Proper > The New River Gorge Region > West Virginia",https://www.mountainproject.com/route/107359425/satanic-verses,4.0,-1,Sport,5.13c,1,100,38.05426,-81.05828
"Judgement Night","South Nuttall > New River Gorge Proper > The New River Gorge Region > West Virginia",https://www.mountainproject.com/route/107359448/judgement-night,3.8,-1,Sport,5.12d,1,90,38.0416,-81.0376
"Baby Trebuchet","R) The Cirque > Endless Wall > New River Gorge Proper > The New River Gorge Region > West Virginia",https://www.mountainproject.com/route/116249027/baby-trebuchet,4.0,-1,Sport,5.13b,1,70,38.05615,-81.04359
"Redneck Logic","Long Point > Summersville (Gauley River) Area > The New River Gorge Region > West Virginia",https://www.mountainproject.com/route/119938544/redneck-logic,3.6,-1,Sport,5.13a,1,70,38.22643,-80.85637
"Surfer Rosa","The Coliseum > Summersville Lake (main) > Summersville (Gauley River) Area > The New River Gorge Region > West Virginia",https://www.mountainproject.com/route/106305759/surfer-rosa,4.0,-1,Sport,5.12d,1,70,38.24146,-80.84583
"Tubin' Dudes","1) Super Mario Boulder > Beauty Mountain > New River Gorge Proper > The New River Gorge Region > West Virginia",https://www.mountainproject.com/route/107359461/tubin-dudes,3.8,-1,Sport,5.13b,1,50,38.05531,-81.0362
"The Tantrum","2. First Buttress > Kaymoor > New River Gorge Proper > The New River Gorge Region > West Virginia",https://www.mountainproject.com/route/108242070/the-tantrum,3.8,-1,Sport,5.12d,1,60,38.04588,-81.06645
"Freedom Tree","R) The Cirque > Endless Wall > New River Gorge Proper > The New River Gorge Region > West Virginia",https://www.mountainproject.com/route/107805988/freedom-tree,3.9,-1,Sport,5.13d,1,110,38.05615,-81.04359
"Ad Lib","5) Burning Buttress > Beauty Mountain > New River Gorge Proper > The New River Gorge Region > West Virginia",https://www.mountainproject.com/route/116113036/ad-lib,3.9,-1,Sport,5.12d,1,80,38.05238,-81.03324
"Heaven Cent","South Nuttall > New River Gorge Proper > The New River Gorge Region > West Virginia",https://www.mountainproject.com/route/113598922/heaven-cent,4.0,-1,Sport,5.13a,1,100,38.0416,-81.0376
Massacre,"1. The Hole > Kaymoor > New River Gorge Proper > The New River Gorge Region > West Virginia",https://www.mountainproject.com/route/105989369/massacre,3.6,-1,Sport,5.13a,1,75,38.0449,-81.06561
"Masterpiece Theatre","06. Head Wall > Bubba City > New River Gorge Proper > The New River Gorge Region > West Virginia",https://www.mountainproject.com/route/107789094/masterpiece-theatre,3.6,-1,Sport,5.12d,1,70,38.09307,-81.09555
"Tomb Raider","Domino Point > New River Gorge Proper > The New River Gorge Region > West Virginia",https://www.mountainproject.com/route/120920126/tomb-raider,3.5,-1,Sport,5.13b,1,90,38.04684,-81.04953
Kirkules,"Long Point > Summersville (Gauley River) Area > The New River Gorge Region > West Virginia",https://www.mountainproject.com/route/116139732/kirkules,4.0,-1,Sport,5.13a,1,80,38.22643,-80.85637
"The Sportster","5) Burning Buttress > Beauty Mountain > New River Gorge Proper > The New River Gorge Region > West Virginia",https://www.mountainproject.com/route/107551000/the-sportster,4.0,-1,Sport,5.13b,1,80,38.05238,-81.03324
"Freshly Squeezed","5 Sunkist Wall > Lower Meadow > Meadow River Gorge > The New River Gorge Region > West Virginia",https://www.mountainproject.com/route/110952093/freshly-squeezed,4.0,-1,Sport,5.13b,1,80,38.15655,-80.93978
Bittersweet,"4. Third Buttress > Upper Meadow > Meadow River Gorge > The New River Gorge Region > West Virginia",https://www.mountainproject.com/route/107539049/bittersweet,3.5,-1,Sport,5.13a,1,100,38.14336,-80.91556
"Red Bull","3. Second Buttress > Upper Meadow > Meadow River Gorge > The New River Gorge Region > West Virginia",https://www.mountainproject.com/route/108421108/red-bull,3.6,-1,Sport,5.12d,1,65,38.14295,-80.91755
"Titan's Dice","L) Dr. Ruth's Big Buttress > Endless Wall > New River Gorge Proper > The New River Gorge Region > West Virginia",https://www.mountainproject.com/route/106960498/titans-dice,3.8,-1,Sport,5.13a,1,70,38.05577,-81.05541
"Suicide Blonde","Narcissus Cave > Summersville Lake (main) > Summersville (Gauley River) Area > The New River Gorge Region > West Virginia",https://www.mountainproject.com/route/108796697/suicide-blonde,3.6,-1,Sport,5.13b,1,60,38.24193,-80.84067
Libertine,"I) Honeymooner's Area > Endless Wall > New River Gorge Proper > The New River Gorge Region > West Virginia",https://www.mountainproject.com/route/107883015/libertine,3.6,-1,Sport,5.12d,1,70,38.05426,-81.05828
"Trouble in Paradise","3. Rico Suave Buttress > Kaymoor > New River Gorge Proper > The New River Gorge Region > West Virginia",https://www.mountainproject.com/route/113113629/trouble-in-paradise,3.5,-1,Sport,5.13a,1,60,38.04716,-81.06756
Superstition,"R) The Cirque > Endless Wall > New River Gorge Proper > The New River Gorge Region > West Virginia",https://www.mountainproject.com/route/106796650/superstition,3.0,-1,Sport,5.12d,2,100,38.05615,-81.04359
"In the Flat Field","1. The Hole > Kaymoor > New River Gorge Proper > The New River Gorge Region > West Virginia",https://www.mountainproject.com/route/109115493/in-the-flat-field,3.7,-1,Sport,5.13c,1,70,38.0449,-81.06561
"Stealth N' Magic","B) Party Buttress > Endless Wall > New River Gorge Proper > The New River Gorge Region > West Virginia",https://www.mountainproject.com/route/108826575/stealth-n-magic,3.2,-1,Sport,5.12d,1,70,38.05569,-81.06276
"Ruchert Motion","5) Burning Buttress > Beauty Mountain > New River Gorge Proper > The New River Gorge Region > West Virginia",https://www.mountainproject.com/route/108103364/ruchert-motion,3.5,-1,Sport,5.13a,1,70,38.05238,-81.03324
"Diamond Life","10. Central Bubba > Bubba City > New River Gorge Proper > The New River Gorge Region > West Virginia",https://www.mountainproject.com/route/110215885/diamond-life,3.5,-1,"Sport, TR",5.13a,1,60,38.0909,-81.0892
Oblivion,"I) Honeymooner's Area > Endless Wall > New River Gorge Proper > The New River Gorge Region > West Virginia",https://www.mountainproject.com/route/115441954/oblivion,3.5,-1,Sport,5.12d,1,80,38.05426,-81.05828
"Shaken Not Stirred","4. Third Buttress > Upper Meadow > Meadow River Gorge > The New River Gorge Region > West Virginia",https://www.mountainproject.com/route/107539064/shaken-not-stirred,3.2,-1,Sport,5.12d,1,80,38.14336,-80.91556
Armada,"Pirate's Cove > Summersville Lake (main) > Summersville (Gauley River) Area > The New River Gorge Region > West Virginia",https://www.mountainproject.com/route/119782014/armada,3.5,-1,Sport,5.12d,1,60,38.2427,-80.8485
"Stabat Mater","7) Thunder Buttress > Beauty Mountain > New River Gorge Proper > The New River Gorge Region > West Virginia",https://www.mountainproject.com/route/117904048/stabat-mater,3.5,-1,Sport,5.13b,1,100,38.05053,-81.03102
"Skinny Legs","DC Memorial Boulder > Summersville Lake (main) > Summersville (Gauley River) Area > The New River Gorge Region > West Virginia",https://www.mountainproject.com/route/107852687/skinny-legs,3.5,-1,Sport,5.13b,1,30,38.24156,-80.84428
"The Mechanical Bull","P) Jacob's Ladder Area > Endless Wall > New River Gorge Proper > The New River Gorge Region > West Virginia",https://www.mountainproject.com/route/107340109/the-mechanical-bull,3.5,-1,Sport,5.13a,1,80,38.05651,-81.04878
Albatross,"4. Fire and Ice Buttress > Kaymoor > New River Gorge Proper > The New River Gorge Region > West Virginia",https://www.mountainproject.com/route/123378599/albatross,3.5,-1,Sport,5.13b/c,1,35,38.04821,-81.06853
"The Weatherman's Thumb","G) Diamond Point > Endless Wall > New River Gorge Proper > The New River Gorge Region > West Virginia",https://www.mountainproject.com/route/107384924/the-weathermans-thumb,2.9,-1,Sport,5.12d,1,90,38.05317,-81.05956
"Deep Throat","Narcissus Cave > Summersville Lake (main) > Summersville (Gauley River) Area > The New River Gorge Region > West Virginia",https://www.mountainproject.com/route/113113448/deep-throat,3.3,-1,Sport,5.13c,1,60,38.24193,-80.84067
"Dragon's Tooth","4. Third Buttress > Upper Meadow > Meadow River Gorge > The New River Gorge Region > West Virginia",https://www.mountainproject.com/route/110998396/dragons-tooth,3.1,-1,Sport,5.12c/d,1,90,38.14336,-80.91556
"The Travisty","3) The Brain > Beauty Mountain > New River Gorge Proper > The New River Gorge Region > West Virginia",https://www.mountainproject.com/route/108053802/the-travisty,3.3,-1,Sport,5.13c,1,70,38.05452,-81.03346
"Bloody Mushroom Stamp","1. The Hole > Kaymoor > New River Gorge Proper > The New River Gorge Region > West Virginia",https://www.mountainproject.com/route/110215859/bloody-mushroom-stamp,3.3,-1,Sport,5.13b,1,60,38.0449,-81.06561
"Nude Brute","3. Rico Suave Buttress > Kaymoor > New River Gorge Proper > The New River Gorge Region > West Virginia",https://www.mountainproject.com/route/106886964/nude-brute,3.0,-1,Sport,5.13b,1,60,38.04716,-81.06756
Boomerang,"1. First Buttress > Upper Meadow > Meadow River Gorge > The New River Gorge Region > West Virginia",https://www.mountainproject.com/route/107069302/boomerang,3.0,-1,Sport,5.13a,1,100,38.14319,-80.91967
"Cock Diesel","2 Toxic Hueco Area > Lower Meadow > Meadow River Gorge > The New River Gorge Region > West Virginia",https://www.mountainproject.com/route/107533222/cock-diesel,2.9,-1,Sport,5.13b,1,70,38.15323,-80.93233
Toymaker,"1. First Buttress > Upper Meadow > Meadow River Gorge > The New River Gorge Region > West Virginia",https://www.mountainproject.com/route/107496898/toymaker,3.0,-1,Sport,5.13a,1,90,38.14319,-80.91967
"The Rheesist","Cotton Top > Cotton Hill > New River Gorge Proper > The New River Gorge Region > West Virginia",https://www.mountainproject.com/route/108852120/the-rheesist,3.0,-1,Sport,5.13c,1,60,38.1151,-81.14094
"Johnny Utah","Narcissus Cave > Summersville Lake (main) > Summersville (Gauley River) Area > The New River Gorge Region > West Virginia",https://www.mountainproject.com/route/121502986/johnny-utah,3.0,-1,Sport,5.13+,1,100,38.24193,-80.84067
"Tainted Love","Cotton Top > Cotton Hill > New River Gorge Proper > The New River Gorge Region > West Virginia",https://www.mountainproject.com/route/109195938/tainted-love,3.0,-1,Sport,5.12d,1,45,38.1151,-81.14094
"Leap of Faith","1) Super Mario Boulder > Beauty Mountain > New River Gorge Proper > The New River Gorge Region > West Virginia",https://www.mountainproject.com/route/106216459/leap-of-faith,3.0,-1,Sport,5.13c,1,50,38.05531,-81.0362
"My Stinking Brain","2) Monolith Wall > Fern Buttress > New River Gorge Proper > The New River Gorge Region > West Virginia",https://www.mountainproject.com/route/107877940/my-stinking-brain,3.0,-1,Sport,5.13a,1,60,38.0657,-81.07019
"Mojo Hand","1. The Hole > Kaymoor > New River Gorge Proper > The New River Gorge Region > West Virginia",https://www.mountainproject.com/route/109115293/mojo-hand,2.9,-1,Sport,5.12d,1,50,38.0449,-81.06561
"Suicide Throat Link-Up","Narcissus Cave > Summersville Lake (main) > Summersville (Gauley River) Area > The New River Gorge Region > West Virginia",https://www.mountainproject.com/route/117908681/suicide-throat-link-up,3.0,-1,Sport,5.13a,1,60,38.24193,-80.84067
Bloodshot,"J) Snake Buttress > Endless Wall > New River Gorge Proper > The New River Gorge Region > West Virginia",https://www.mountainproject.com/route/114295349/bloodshot,3.0,-1,Sport,5.13a,1,80,38.05474,-81.05704
"Silent but Deadly","J) Snake Buttress > Endless Wall > New River Gorge Proper > The New River Gorge Region > West Virginia",https://www.mountainproject.com/route/108413519/silent-but-deadly,3.0,-1,Sport,5.13a,1,90,38.05474,-81.05704
"Get Thee Behind Me Satan","I) Honeymooner's Area > Endless Wall > New River Gorge Proper > The New River Gorge Region > West Virginia",https://www.mountainproject.com/route/112292135/get-thee-behind-me-satan,3.3,-1,Sport,5.13b,1,,38.05426,-81.05828
"Extra Chromosome","[Redacted] > Beauty Mountain > New River Gorge Proper > The New River Gorge Region > West Virginia",https://www.mountainproject.com/route/114290350/extra-chromosome,3.0,-1,Sport,5.12d,1,30,38.05372,-81.03333
"West Virginia Two-Step","1. First Buttress > Upper Meadow > Meadow River Gorge > The New River Gorge Region > West Virginia",https://www.mountainproject.com/route/107779751/west-virginia-two-step,3.0,-1,Sport,5.13a,1,60,38.14319,-80.91967
"Mother's Milk","Sunshine Buttress > New River Gorge Proper > The New River Gorge Region > West Virginia",https://www.mountainproject.com/route/114079255/mothers-milk,3.3,-1,Sport,5.12d,1,80,38.0752,-81.0891
"Ich Bin Ein Auslander","5. Fourth Buttress > Upper Meadow > Meadow River Gorge > The New River Gorge Region > West Virginia",https://www.mountainproject.com/route/111808183/ich-bin-ein-auslander,3.0,-1,Sport,5.12d,1,70,38.14527,-80.90998
"The Original Crankster","Sunshine Buttress > New River Gorge Proper > The New River Gorge Region > West Virginia",https://www.mountainproject.com/route/105979888/the-original-crankster,3.0,-1,Sport,5.13a,1,70,38.0752,-81.0891
Monsterotica,"3 Greatest Show Area > Lower Meadow > Meadow River Gorge > The New River Gorge Region > West Virginia",https://www.mountainproject.com/route/120191424/monsterotica,3.0,-1,Sport,5.13+,1,50,38.15303,-80.93231
"McCrayfish and Chips","[Redacted] > Beauty Mountain > New River Gorge Proper > The New River Gorge Region > West Virginia",https://www.mountainproject.com/route/122296016/mccrayfish-and-chips,3.0,-1,Sport,5.13d,1,80,38.05372,-81.03333
"Skull Direct Finish","1. The Hole > Kaymoor > New River Gorge Proper > The New River Gorge Region > West Virginia",https://www.mountainproject.com/route/109419920/skull-direct-finish,3.0,-1,Sport,5.13a,1,70,38.0449,-81.06561
"Black Panther","Pirate's Cove > Summersville Lake (main) > Summersville (Gauley River) Area > The New River Gorge Region > West Virginia",https://www.mountainproject.com/route/111400783/black-panther,3.0,-1,Sport,5.13a,1,40,38.2427,-80.8485
Articulated,"The Long Wall > Summersville Lake (main) > Summersville (Gauley River) Area > The New River Gorge Region > West Virginia",https://www.mountainproject.com/route/117082830/articulated,3.0,-1,Sport,5.12d,1,,38.24137,-80.84379
"Die Fetzen Von Megos","Gauley Crag > Summersville (Gauley River) Area > The New River Gorge Region > West Virginia",https://www.mountainproject.com/route/117839009/die-fetzen-von-megos,3.0,-1,Sport,5.13a,1,80,38.20387,-80.89914
"Locked on Target","2 Bridge Buttress > Bridge Area > New River Gorge Proper > The New River Gorge Region > West Virginia",https://www.mountainproject.com/route/113408602/locked-on-target,3.0,-1,"Sport, TR",5.13a,1,70,38.07178,-81.08006
"The Leather Nun","2. First Buttress > Kaymoor > New River Gorge Proper > The New River Gorge Region > West Virginia",https://www.mountainproject.com/route/111755178/the-leather-nun,3.0,-1,Sport,5.13c,1,80,38.04588,-81.06645
"Donkey Kong","1) Super Mario Boulder > Beauty Mountain > New River Gorge Proper > The New River Gorge Region > West Virginia",https://www.mountainproject.com/route/113122022/donkey-kong,3.0,-1,Sport,5.13a,1,50,38.05531,-81.0362
"The Red Vadge of Courage","2. Shaved Box Canyon > Upper Meadow > Meadow River Gorge > The New River Gorge Region > West Virginia",https://www.mountainproject.com/route/116694857/the-red-vadge-of-courage,3.0,-1,Sport,5.13a,1,50,38.14324,-80.91788
"Typical Situation","1. First Buttress > Upper Meadow > Meadow River Gorge > The New River Gorge Region > West Virginia",https://www.mountainproject.com/route/107539021/typical-situation,3.0,-1,Sport,5.13b,1,80,38.14319,-80.91967
"Fat Cat","7 The Pinnacle > Bridge Area > New River Gorge Proper > The New River Gorge Region > West Virginia",https://www.mountainproject.com/route/110216068/fat-cat,3.5,-1,Sport,5.13a,1,40,38.08015,-81.08012
"Dreams of White Horsts","06. Head Wall > Bubba City > New River Gorge Proper > The New River Gorge Region > West Virginia",https://www.mountainproject.com/route/110216056/dreams-of-white-horsts,3.0,-1,"Sport, TR",5.12c/d,1,60,38.09307,-81.09555
"Whores in Church","Sunshine Buttress > New River Gorge Proper > The New River Gorge Region > West Virginia",https://www.mountainproject.com/route/105979864/whores-in-church,3.0,-1,Sport,5.13c,1,60,38.0752,-81.0891
"The Land Before Time","9a) Fern Creek Falls > Fern Buttress > New River Gorge Proper > The New River Gorge Region > West Virginia",https://www.mountainproject.com/route/107799483/the-land-before-time,3.0,-1,Sport,5.12d,1,60,38.05824,-81.06217
Zelda,"1) Super Mario Boulder > Beauty Mountain > New River Gorge Proper > The New River Gorge Region > West Virginia",https://www.mountainproject.com/route/106961486/zelda,2.9,-1,Sport,5.13a,1,50,38.05531,-81.0362
Sparks,"M) Fantasy Area > Endless Wall > New River Gorge Proper > The New River Gorge Region > West Virginia",https://www.mountainproject.com/route/125255146/sparks,3.0,-1,Sport,5.12d,1,90,38.05596,-81.05393
"Macho Borracho","Whippoorwill > Summersville (Gauley River) Area > The New River Gorge Region > West Virginia",https://www.mountainproject.com/route/125347936/macho-borracho,4.0,-1,Sport,5.13a,1,45,38.2338,-80.8552
"Canadian Route","R) The Cirque > Endless Wall > New River Gorge Proper > The New River Gorge Region > West Virginia",https://www.mountainproject.com/route/125378262/canadian-route,4.0,-1,Sport,5.13d,1,60,38.05615,-81.04359
