Route,Location,URL,"Avg Stars","Your Stars","Route Type",Rating,Pitches,Length,"Area Latitude","Area Longitude"
Predator,"Orange Crush > *Rumney > New Hampshire",https://www.mountainproject.com/route/105884551/predator,3.9,-1,Sport,5.13b,1,,43.80293,-71.83513
"Giant Man","The Hinterlands > *Rumney > New Hampshire",https://www.mountainproject.com/route/106011340/giant-man,3.9,-1,Sport,5.12b/c,1,90,43.80505,-71.84309
"Flying Hawaiian","Waimea > *Rumney > New Hampshire",https://www.mountainproject.com/route/105910536/flying-hawaiian,3.8,-1,Sport,5.11b,1,,43.80386,-71.84091
Technosurfing,"Waimea > *Rumney > New Hampshire",https://www.mountainproject.com/route/105867836/technosurfing,3.8,-1,Sport,5.12b,1,60,43.80386,-71.84091
"Whip Tide","Waimea > *Rumney > New Hampshire",https://www.mountainproject.com/route/105868994/whip-tide,3.8,-1,Sport,5.12b,1,75,43.80386,-71.84091
"The Crusher","Orange Crush > *Rumney > New Hampshire",https://www.mountainproject.com/route/106200868/the-crusher,3.8,-1,Sport,5.11d,1,80,43.80293,-71.83513
Waimea,"Waimea > *Rumney > New Hampshire",https://www.mountainproject.com/route/105867858/waimea,3.7,-1,Sport,5.10d,1,50,43.80386,-71.84091
"Flying Monkeys","Orange Crush > *Rumney > New Hampshire",https://www.mountainproject.com/route/106579917/flying-monkeys,3.7,-1,Sport,5.12c,1,65,43.80293,-71.83513
"Lonesome Dove","Jimmy Cliff > *Rumney > New Hampshire",https://www.mountainproject.com/route/105879126/lonesome-dove,3.6,4,Sport,5.10a,1,,43.80417,-71.84037
"Flesh For Lulu","Holderness Corner > The Meadows > *Rumney > New Hampshire",https://www.mountainproject.com/route/105908632/flesh-for-lulu,3.6,-1,Sport,5.12b,1,,43.8024,-71.8314
"Millenium Falcon","The Main Cliff > *Rumney > New Hampshire",https://www.mountainproject.com/route/106021168/millenium-falcon,3.6,-1,Sport,5.10c,1,75,43.80249,-71.83593
"Venus on a Halfshell","Venus Wall > *Rumney > New Hampshire",https://www.mountainproject.com/route/105877233/venus-on-a-halfshell,3.7,-1,Sport,5.12c,1,,43.80188,-71.8375
"Stoned Temple Pilot","The Prudential > *Rumney > New Hampshire",https://www.mountainproject.com/route/105907577/stoned-temple-pilot,3.6,-1,Sport,5.12a,1,,43.80513,-71.84452
Jolt,"The Hinterlands > *Rumney > New Hampshire",https://www.mountainproject.com/route/105931493/jolt,3.5,-1,Sport,5.10a,1,,43.80505,-71.84309
"Armed and Dangerous, and Off My Medication","Armed and Dangerous (Main Cliff Left) > *Rumney > New Hampshire",https://www.mountainproject.com/route/105935097/armed-and-dangerous-and-off-my-medication,3.5,-1,Sport,5.10b,1,,43.80202,-71.83678
"Peer Pressure","Bonsai > *Rumney > New Hampshire",https://www.mountainproject.com/route/105927987/peer-pressure,3.5,-1,Sport,5.10d,1,,43.80288,-71.83926
"Restless Native","Waimea > *Rumney > New Hampshire",https://www.mountainproject.com/route/105884987/restless-native,3.9,-1,Sport,5.12c,1,,43.80386,-71.84091
Underdog,"The Main Cliff > *Rumney > New Hampshire",https://www.mountainproject.com/route/105877217/underdog,3.4,-1,Sport,5.10a,1,,43.80249,-71.83593
"Social Outcast","Bonsai > *Rumney > New Hampshire",https://www.mountainproject.com/route/105879133/social-outcast,3.5,-1,Sport,5.12a,1,,43.80288,-71.83926
"Apocalypse Later","Apocalypse Walls > *Rumney > New Hampshire",https://www.mountainproject.com/route/105908757/apocalypse-later,3.5,-1,Sport,5.11d,1,,43.80231,-71.8324
"Black Mamba","Orange Crush > *Rumney > New Hampshire",https://www.mountainproject.com/route/105996485/black-mamba,3.5,-1,Sport,5.11c,1,60,43.80293,-71.83513
"After All This Time","The Balcony > *Rumney > New Hampshire",https://www.mountainproject.com/route/110964463/after-all-this-time,3.5,-1,Sport,5.7,1,50,43.80293,-71.83505
"Peanut Man","The Main Cliff > *Rumney > New Hampshire",https://www.mountainproject.com/route/105874232/peanut-man,3.5,-1,Sport,5.12a,1,75,43.80249,-71.83593
Junco,"Jimmy Cliff > *Rumney > New Hampshire",https://www.mountainproject.com/route/105876683/junco,3.4,-1,Sport,5.8+,1,80,43.80417,-71.84037
"Oh My! finish","Orange Crush > *Rumney > New Hampshire",https://www.mountainproject.com/route/106033489/oh-my-finish,3.5,-1,Sport,5.11b/c,1,,43.80293,-71.83513
Smokestack,"New Wave > *Rumney > New Hampshire",https://www.mountainproject.com/route/105998986/smokestack,3.4,-1,Sport,5.9+,1,,43.80285,-71.83444
"Good Earth","Apocalypse Walls > *Rumney > New Hampshire",https://www.mountainproject.com/route/106258896/good-earth,3.4,-1,Sport,5.12c,1,50,43.80231,-71.8324
Metamorphosis,"Armed and Dangerous (Main Cliff Left) > *Rumney > New Hampshire",https://www.mountainproject.com/route/105959363/metamorphosis,3.3,-1,Sport,5.8+,1,,43.80202,-71.83678
Centerpiece,"Bonsai > *Rumney > New Hampshire",https://www.mountainproject.com/route/105906870/centerpiece,3.3,-1,Sport,5.10d,1,70,43.80288,-71.83926
"Skunks in the Gym","Triple Corners Center > Triple Corners > *Rumney > New Hampshire",https://www.mountainproject.com/route/106190876/skunks-in-the-gym,3.2,-1,Sport,5.10c,1,,43.80401,-71.84229
"Cozened Stone","The Very Nice Crag > *Rumney > New Hampshire",https://www.mountainproject.com/route/108370872/cozened-stone,3.2,-1,Sport,5.9,1,80,43.80545,-71.84486
"Lions and Tigers and Bears","Orange Crush > *Rumney > New Hampshire",https://www.mountainproject.com/route/106033484/lions-and-tigers-and-bears,3.2,-1,Sport,5.11b,1,,43.80293,-71.83513
"Sweet Polly Purebred","The Main Cliff > *Rumney > New Hampshire",https://www.mountainproject.com/route/105877209/sweet-polly-purebred,3.2,-1,Sport,5.10c,1,,43.80249,-71.83593
"Sesame Street","Armed and Dangerous (Main Cliff Left) > *Rumney > New Hampshire",https://www.mountainproject.com/route/105959390/sesame-street,3.2,-1,Sport,5.10b,1,,43.80202,-71.83678
Masterpiece,"Bonsai > *Rumney > New Hampshire",https://www.mountainproject.com/route/105878204/masterpiece,3.1,-1,Sport,5.10a,1,,43.80288,-71.83926
"Oby-won Ryobi","Darth Vader > *Rumney > New Hampshire",https://www.mountainproject.com/route/105906887/oby-won-ryobi,3.1,-1,Sport,5.9+,1,,43.80352,-71.8404
Orangahang,"Orange Crush > *Rumney > New Hampshire",https://www.mountainproject.com/route/105929673/orangahang,3.1,-1,Sport,5.12a,1,60,43.80293,-71.83513
"Nicky's Crack","The Hinterlands > *Rumney > New Hampshire",https://www.mountainproject.com/route/105931536/nickys-crack,3.1,-1,Sport,5.11d,1,,43.80505,-71.84309
"Know Ethics","The Main Cliff > *Rumney > New Hampshire",https://www.mountainproject.com/route/105877243/know-ethics,3.1,-1,Sport,5.11a,1,,43.80249,-71.83593
Espresso,"The Parking Lot Wall > *Rumney > New Hampshire",https://www.mountainproject.com/route/105898433/espresso,3.1,-1,Sport,5.10d,1,60,43.80273,-71.83029
"Buried Treasure","Orange Crush > *Rumney > New Hampshire",https://www.mountainproject.com/route/106013257/buried-treasure,3.1,-1,Sport,5.11b,1,80,43.80293,-71.83513
B-B-Buttress,"The Northwest Territories > *Rumney > New Hampshire",https://www.mountainproject.com/route/106147475/b-b-buttress,3.1,-1,Sport,5.9+,1,,43.80478,-71.84537
"Machine Head","The Prudential > *Rumney > New Hampshire",https://www.mountainproject.com/route/105907696/machine-head,3.0,-1,Sport,5.11d,1,,43.80513,-71.84452
"B-B-Bubbas link-up","The Northwest Territories > *Rumney > New Hampshire",https://www.mountainproject.com/route/108999668/b-b-bubbas-link-up,3.0,-1,Sport,5.10a,1,100,43.80478,-71.84537
Clusterphobia,"Armed and Dangerous (Main Cliff Left) > *Rumney > New Hampshire",https://www.mountainproject.com/route/105959353/clusterphobia,3.0,-1,Sport,5.10d,1,,43.80202,-71.83678
"Vallee Daze","New Wave > *Rumney > New Hampshire",https://www.mountainproject.com/route/106195388/vallee-daze,3.0,-1,Sport,5.12a,1,75,43.80285,-71.83444
Yoda,"Darth Vader > *Rumney > New Hampshire",https://www.mountainproject.com/route/105906879/yoda,3.0,-1,Sport,5.9,1,,43.80352,-71.8404
Misdemeanor,"Center Section > The Meadows > *Rumney > New Hampshire",https://www.mountainproject.com/route/106033945/misdemeanor,3.0,-1,Sport,5.10b,1,85,43.80231,-71.83173
Pulse,"Pulse Wall > *Rumney > New Hampshire",https://www.mountainproject.com/route/105943709/pulse,3.0,-1,Sport,5.11d,1,35,43.80313,-71.83493
"Salley's Alley","New Wave > *Rumney > New Hampshire",https://www.mountainproject.com/route/105896493/salleys-alley,3.0,-1,Sport,5.11c,1,50,43.80285,-71.83444
Mitosis,"Armed and Dangerous (Main Cliff Left) > *Rumney > New Hampshire",https://www.mountainproject.com/route/111687492/mitosis,2.9,-1,Sport,5.11d,1,40,43.80202,-71.83678
"F* *king the Dog","Kennel Wall > *Rumney > New Hampshire",https://www.mountainproject.com/route/105951695/f-king-the-dog,3.0,-1,Sport,5.11a,1,50,43.80329,-71.83444
"Cereal Killer","Armed and Dangerous (Main Cliff Left) > *Rumney > New Hampshire",https://www.mountainproject.com/route/105935083/cereal-killer,2.9,-1,Sport,5.11c,1,,43.80202,-71.83678
Dolt,"The Hinterlands > *Rumney > New Hampshire",https://www.mountainproject.com/route/105931527/dolt,2.9,-1,Sport,5.10a,1,,43.80505,-71.84309
"Lonesome Buffalo","Buffalo Pit > *Rumney > New Hampshire",https://www.mountainproject.com/route/113501882/lonesome-buffalo,2.9,-1,Sport,5.8,1,100,43.80386,-71.84992
"Romancing the Stone","5.8 Crag > *Rumney > New Hampshire",https://www.mountainproject.com/route/105878174/romancing-the-stone,2.9,-1,Sport,5.10c,1,60,43.80105,-71.83823
"Shealyn's Way","The Parking Lot Wall > *Rumney > New Hampshire",https://www.mountainproject.com/route/105962298/shealyns-way,2.9,-1,Sport,5.7,1,,43.80273,-71.83029
"Butt Bongo Fiesta","Waimea > *Rumney > New Hampshire",https://www.mountainproject.com/route/105884971/butt-bongo-fiesta,3.7,-1,Sport,5.13a,1,,43.80386,-71.84091
"Another Roadside Distraction","Buffalo Pit > *Rumney > New Hampshire",https://www.mountainproject.com/route/113551645/another-roadside-distraction,3.2,-1,Sport,5.11b,1,40,43.80386,-71.84992
"Idiot's Deluxe","The Parking Lot Wall > *Rumney > New Hampshire",https://www.mountainproject.com/route/106254851/idiots-deluxe,2.9,-1,Sport,5.10c/d,1,,43.80273,-71.83029
Aquarius,"Waimea > *Rumney > New Hampshire",https://www.mountainproject.com/route/105869707/aquarius,3.8,-1,Sport,5.12d,1,70,43.80386,-71.84091
"Ten of Spades","New Wave > *Rumney > New Hampshire",https://www.mountainproject.com/route/105968891/ten-of-spades,2.8,-1,Sport,5.10c,1,,43.80285,-71.83444
"100% Columbian","The Parking Lot Wall > *Rumney > New Hampshire",https://www.mountainproject.com/route/105962286/100-columbian,2.9,-1,Sport,5.11c,1,,43.80273,-71.83029
"Stairway to Heaven*","Main Cliff Right > *Rumney > New Hampshire",https://www.mountainproject.com/route/106694058/stairway-to-heaven,3.2,-1,Sport,5.10b,1,80,43.8027,-71.83554
"Big Kahuna","Waimea > *Rumney > New Hampshire",https://www.mountainproject.com/route/105881857/big-kahuna,3.1,-1,Sport,5.12d,1,,43.80386,-71.84091
"Flying Squirrel","Armed and Dangerous (Main Cliff Left) > *Rumney > New Hampshire",https://www.mountainproject.com/route/106744677/flying-squirrel,3.0,-1,Sport,5.11a,1,50,43.80202,-71.83678
"Beat Junkie","The Main Cliff > *Rumney > New Hampshire",https://www.mountainproject.com/route/105879117/beat-junkie,4.0,-1,Sport,5.13b,1,105,43.80249,-71.83593
Heaven,"Monsters from the Id > *Rumney > New Hampshire",https://www.mountainproject.com/route/105925313/heaven,3.0,-1,Sport,5.11a,1,,43.80226,-71.83997
Tsunami,"Waimea > *Rumney > New Hampshire",https://www.mountainproject.com/route/105881869/tsunami,3.9,-1,Sport,5.12d,1,,43.80386,-71.84091
Kundalini,"Bonsai > *Rumney > New Hampshire",https://www.mountainproject.com/route/105877268/kundalini,3.2,-1,Sport,5.12d,1,,43.80288,-71.83926
"Rap Echo","The Main Cliff > *Rumney > New Hampshire",https://www.mountainproject.com/route/105881876/rap-echo,3.1,-1,Sport,5.12b,1,,43.80249,-71.83593
Anaconda-Da-Vida,"Orange Crush > *Rumney > New Hampshire",https://www.mountainproject.com/route/107192104/anaconda-da-vida,3.8,-1,Sport,5.12d,1,,43.80293,-71.83513
Finland,"The Prudential > *Rumney > New Hampshire",https://www.mountainproject.com/route/106036846/finland,2.8,-1,Sport,5.11b,1,,43.80513,-71.84452
Suburban,"Waimea > *Rumney > New Hampshire",https://www.mountainproject.com/route/105869050/suburban,3.1,-1,Sport,5.13a,1,50,43.80386,-71.84091
"Horned Behavior","The Prudential > *Rumney > New Hampshire",https://www.mountainproject.com/route/106132806/horned-behavior,3.7,-1,Sport,5.12c,1,,43.80513,-71.84452
"Shock Therapy","Pulse Wall > *Rumney > New Hampshire",https://www.mountainproject.com/route/105961427/shock-therapy,2.9,-1,Sport,5.12c,1,,43.80313,-71.83493
"Get It On","Main Cliff Right > *Rumney > New Hampshire",https://www.mountainproject.com/route/106079947/get-it-on,3.3,-1,Sport,5.12c/d,1,,43.8027,-71.83554
"Great White","Waimea > *Rumney > New Hampshire",https://www.mountainproject.com/route/106258998/great-white,3.1,-1,Sport,5.13a,1,50,43.80386,-71.84091
"Man Overboard","Waimea > *Rumney > New Hampshire",https://www.mountainproject.com/route/106136262/man-overboard,3.9,-1,Sport,5.12d,1,,43.80386,-71.84091
"Tin Monkeys","Orange Crush > *Rumney > New Hampshire",https://www.mountainproject.com/route/105884835/tin-monkeys,3.4,-1,Sport,5.13a,1,50,43.80293,-71.83513
"The Vaporizer","Orange Crush > *Rumney > New Hampshire",https://www.mountainproject.com/route/106732130/the-vaporizer,3.3,-1,Sport,5.12a,1,90,43.80293,-71.83513
Dynosoar,"Orange Crush > *Rumney > New Hampshire",https://www.mountainproject.com/route/106241279/dynosoar,3.5,-1,Sport,5.13a,1,75,43.80293,-71.83513
Retrospade,"New Wave > *Rumney > New Hampshire",https://www.mountainproject.com/route/106066661/retrospade,3.2,-1,Sport,5.11d,1,70,43.80285,-71.83444
"Cote d'Azure","Waimea > *Rumney > New Hampshire",https://www.mountainproject.com/route/105879114/cote-dazure,3.8,-1,Sport,5.13b,1,,43.80386,-71.84091
"Thin Man","The Main Cliff > *Rumney > New Hampshire",https://www.mountainproject.com/route/105879324/thin-man,3.9,-1,Sport,5.13b,1,,43.80249,-71.83593
"Hope For Movement","Holderness Corner > The Meadows > *Rumney > New Hampshire",https://www.mountainproject.com/route/105970329/hope-for-movement,3.3,-1,Sport,5.12d,1,80,43.8024,-71.8314
"Urban Surfer","Waimea > *Rumney > New Hampshire",https://www.mountainproject.com/route/105881881/urban-surfer,3.9,-1,Sport,5.13d,1,,43.80386,-71.84091
"Tin Man","Orange Crush > *Rumney > New Hampshire",https://www.mountainproject.com/route/105887951/tin-man,3.1,-1,Sport,5.13a,1,,43.80293,-71.83513
Yellowknife,"Yellowknife Buttress > *Rumney > New Hampshire",https://www.mountainproject.com/route/105929329/yellowknife,2.9,-1,Sport,5.10c,1,99,43.80532,-71.84351
"Muscle Beach","Waimea > *Rumney > New Hampshire",https://www.mountainproject.com/route/105892285/muscle-beach,3.5,-1,Sport,5.13a,1,,43.80386,-71.84091
"Path of the Righteous","Summit Cliff (The Highlands) > *Rumney > New Hampshire",https://www.mountainproject.com/route/106875000/path-of-the-righteous,3.1,-1,Sport,5.10b,1,,43.80549,-71.84378
"China Beach","Waimea > *Rumney > New Hampshire",https://www.mountainproject.com/route/106102678/china-beach,4.0,-1,Sport,5.14b,1,,43.80386,-71.84091
"The Half Premium","The Prudential > *Rumney > New Hampshire",https://www.mountainproject.com/route/106544576/the-half-premium,3.4,-1,Sport,5.12c,1,40,43.80513,-71.84452
"Silver Surfer","Waimea > *Rumney > New Hampshire",https://www.mountainproject.com/route/105988957/silver-surfer,3.3,-1,Sport,5.12a,1,,43.80386,-71.84091
Pile-o-mania,"The Asylum > *Rumney > New Hampshire",https://www.mountainproject.com/route/106289012/pile-o-mania,3.1,-1,Sport,5.10d,1,50,43.80527,-71.84431
"Alaskan Arches","Yellowknife Buttress > *Rumney > New Hampshire",https://www.mountainproject.com/route/105912593/alaskan-arches,3.3,-1,Sport,5.11d,1,,43.80532,-71.84351
"Parallel Universe","Monsters from the Id > *Rumney > New Hampshire",https://www.mountainproject.com/route/106159734/parallel-universe,3.9,-1,Sport,5.14a,1,40,43.80226,-71.83997
"The Full Effect","Triple Corners Center > Triple Corners > *Rumney > New Hampshire",https://www.mountainproject.com/route/106494144/the-full-effect,2.9,-1,Sport,5.10c,1,,43.80401,-71.84229
"Rocket Man","The Main Cliff > *Rumney > New Hampshire",https://www.mountainproject.com/route/105887956/rocket-man,4.0,-1,Sport,5.13d,1,,43.80249,-71.83593
"Coral Sea","Waimea > *Rumney > New Hampshire",https://www.mountainproject.com/route/105867848/coral-sea,3.9,-1,Sport,5.13b,1,70,43.80386,-71.84091
"Cold War","Waimea > *Rumney > New Hampshire",https://www.mountainproject.com/route/105957846/cold-war,3.8,-1,Sport,5.14a,1,,43.80386,-71.84091
"Charlie Don't Surf","Waimea > *Rumney > New Hampshire",https://www.mountainproject.com/route/106207225/charlie-dont-surf,3.2,-1,Sport,5.13b,1,50,43.80386,-71.84091
"Livin' Astro","Waimea > *Rumney > New Hampshire",https://www.mountainproject.com/route/107190264/livin-astro,4.0,-1,Sport,5.14c,1,,43.80386,-71.84091
Localmotion,"Waimea > *Rumney > New Hampshire",https://www.mountainproject.com/route/108326011/localmotion,3.2,-1,Sport,5.13a,1,50,43.80386,-71.84091
"Rise Against","The Hinterlands > *Rumney > New Hampshire",https://www.mountainproject.com/route/112304225/rise-against,3.1,-1,Sport,5.11b,1,85,43.80505,-71.84309
"Jaws II","Waimea > *Rumney > New Hampshire",https://www.mountainproject.com/route/106905810/jaws-ii,4.0,-1,Sport,5.15a,1,50,43.80386,-71.84091
"King Cobra","Orange Crush > *Rumney > New Hampshire",https://www.mountainproject.com/route/105884567/king-cobra,3.5,-1,Sport,5.13b,1,,43.80293,-71.83513
"The Full Premium","The Prudential > *Rumney > New Hampshire",https://www.mountainproject.com/route/111193469/the-full-premium,3.9,-1,Sport,5.12d,1,80,43.80513,-71.84452
Wünderkind,"Höhe Hinterland > *Rumney > New Hampshire",https://www.mountainproject.com/route/107632283/wunderkind,4.0,-1,Sport,5.11c,1,60,43.8021,-71.8367
"Roaring Silence","New Wave > *Rumney > New Hampshire",https://www.mountainproject.com/route/106188146/roaring-silence,2.9,-1,Sport,5.13b,1,,43.80285,-71.83444
Barracuda,"Waimea > *Rumney > New Hampshire",https://www.mountainproject.com/route/106161088/barracuda,3.9,-1,Sport,5.13d,1,,43.80386,-71.84091
Nexus,"Buffalo Pit > *Rumney > New Hampshire",https://www.mountainproject.com/route/114433647/nexus,3.5,-1,Sport,5.13a,1,35,43.80386,-71.84992
"The Guardian","Summit Cliff (The Highlands) > *Rumney > New Hampshire",https://www.mountainproject.com/route/112156139/the-guardian,4.0,-1,Sport,5.12b/c,1,80,43.80549,-71.84378
"White Snake","Orange Crush > *Rumney > New Hampshire",https://www.mountainproject.com/route/107167540/white-snake,3.2,-1,Sport,5.12a/b,1,95,43.80293,-71.83513
"The Skewer","The Main Cliff > *Rumney > New Hampshire",https://www.mountainproject.com/route/106297634/the-skewer,3.5,-1,Sport,5.13a,1,,43.80249,-71.83593
"Steady Slobbin'","Monsters from the Id > *Rumney > New Hampshire",https://www.mountainproject.com/route/113728629/steady-slobbin,4.0,-1,Sport,5.14b/c,1,35,43.80226,-71.83997
"China Glide","Waimea > *Rumney > New Hampshire",https://www.mountainproject.com/route/121534193/china-glide,4.0,-1,Sport,5.14d,1,,43.80386,-71.84091
"The Noodle","Bonsai > *Rumney > New Hampshire",https://www.mountainproject.com/route/106072773/the-noodle,2.8,-1,Sport,5.12b,1,70,43.80288,-71.83926
"I Had a Good Name, But I Forgot (AKA for Lee, 'The route with the Epic Name')","The Asylum > *Rumney > New Hampshire",https://www.mountainproject.com/route/107648801/i-had-a-good-name-but-i-forgot-aka-for-lee-the-route-with-the-epic-name,3.1,-1,Sport,5.11c,1,60,43.80527,-71.84431
Paradox,"New Wave > *Rumney > New Hampshire",https://www.mountainproject.com/route/106188791/paradox,3.1,-1,Sport,5.12d,1,70,43.80285,-71.83444
"White Zombie","Monsters from the Id > *Rumney > New Hampshire",https://www.mountainproject.com/route/106117109/white-zombie,3.4,-1,Sport,5.12d,1,25,43.80226,-71.83997
Neptune,"Venus Wall > *Rumney > New Hampshire",https://www.mountainproject.com/route/106053437/neptune,3.1,-1,Sport,5.13a,1,,43.80188,-71.8375
"Wild Blue Yonder","Triple Corners Center > Triple Corners > *Rumney > New Hampshire",https://www.mountainproject.com/route/106975531/wild-blue-yonder,3.4,-1,Sport,5.12c/d,1,50,43.80401,-71.84229
"Dark Star","New Wave > *Rumney > New Hampshire",https://www.mountainproject.com/route/106899615/dark-star,3.5,-1,Sport,5.13c,1,55,43.80285,-71.83444
"Forty Six and 2","The Very Nice Crag > *Rumney > New Hampshire",https://www.mountainproject.com/route/108391645/forty-six-and-2,3.2,-1,Sport,5.12c,1,40,43.80545,-71.84486
"Plate Tectonics","The Northwest Territories > *Rumney > New Hampshire",https://www.mountainproject.com/route/108990326/plate-tectonics,2.9,-1,Sport,5.12d,1,60,43.80478,-71.84537
"Rocket Fuel","The Main Cliff > *Rumney > New Hampshire",https://www.mountainproject.com/route/116780045/rocket-fuel,3.7,-1,Sport,5.14a,1,120,43.80249,-71.83593
"British Airways","Orange Crush > *Rumney > New Hampshire",https://www.mountainproject.com/route/108265840/british-airways,2.9,-1,Sport,5.12b,1,100,43.80293,-71.83513
"Concrete Jungle","Waimea > *Rumney > New Hampshire",https://www.mountainproject.com/route/105879826/concrete-jungle,3.2,-1,Sport,5.13c,1,,43.80386,-71.84091
E-Ticket,"Waimea > *Rumney > New Hampshire",https://www.mountainproject.com/route/105881829/e-ticket,2.8,-1,Sport,5.12c,1,,43.80386,-71.84091
"Dodge the Lemons","Waimea > *Rumney > New Hampshire",https://www.mountainproject.com/route/105892279/dodge-the-lemons,3.1,-1,Sport,5.13c/d,1,,43.80386,-71.84091
"Strict Scrutiny","New Wave > *Rumney > New Hampshire",https://www.mountainproject.com/route/106324841/strict-scrutiny,3.2,-1,Sport,5.13d,1,60,43.80285,-71.83444
"Little Mermaid","Venus Wall > *Rumney > New Hampshire",https://www.mountainproject.com/route/107130729/little-mermaid,3.3,-1,Sport,5.12d,1,40,43.80188,-71.8375
"All Day Slacker","Monsters from the Id > *Rumney > New Hampshire",https://www.mountainproject.com/route/121386270/all-day-slacker,3.3,-1,Sport,"5.14a PG13",1,40,43.80226,-71.83997
Space...Madness,"Starship Enterprise > *Rumney > New Hampshire",https://www.mountainproject.com/route/106693418/spacemadness,2.9,-1,Sport,5.12b,1,45,43.80352,-71.84439
"Rhythm X","Waimea > *Rumney > New Hampshire",https://www.mountainproject.com/route/106082612/rhythm-x,3.0,-1,Sport,5.13c,1,30,43.80386,-71.84091
"Gettin' Started","Upper Right > Infinity Wall > *Rumney > New Hampshire",https://www.mountainproject.com/route/108916749/gettin-started,3.1,-1,Sport,5.6,1,25,43.80439,-71.82882
"The Fly","Waimea > *Rumney > New Hampshire",https://www.mountainproject.com/route/105945876/the-fly,3.2,-1,Sport,5.14d,1,25,43.80386,-71.84091
"Rumpus Time","Summit Cliff (The Highlands) > *Rumney > New Hampshire",https://www.mountainproject.com/route/112566431/rumpus-time,3.1,-1,Sport,5.11a,1,55,43.80549,-71.84378
Supernova,"Starship Enterprise > *Rumney > New Hampshire",https://www.mountainproject.com/route/106159747/supernova,3.3,-1,Sport,5.14a/b,1,30,43.80352,-71.84439
"Brain Surgery 101","The Asylum > *Rumney > New Hampshire",https://www.mountainproject.com/route/106680836/brain-surgery-101,2.8,-1,Sport,5.11b,1,50,43.80527,-71.84431
Riviera,"Waimea > *Rumney > New Hampshire",https://www.mountainproject.com/route/107186214/riviera,3.3,-1,Sport,5.13d,1,,43.80386,-71.84091
Lateralus,"The Very Nice Crag > *Rumney > New Hampshire",https://www.mountainproject.com/route/108361839/lateralus,2.9,-1,Sport,5.12a,1,34,43.80545,-71.84486
"Steel Curtain","The Main Cliff > *Rumney > New Hampshire",https://www.mountainproject.com/route/105991421/steel-curtain,3.2,-1,Sport,5.12a,1,,43.80249,-71.83593
"Gold Coast","Waimea > *Rumney > New Hampshire",https://www.mountainproject.com/route/108189016/gold-coast,3.2,-1,Sport,5.13c/d,1,,43.80386,-71.84091
"Ale 8","The Hinterlands > *Rumney > New Hampshire",https://www.mountainproject.com/route/106346542/ale-8,3.1,-1,Sport,5.12b,1,90,43.80505,-71.84309
"Shame on a Chippa","Venus Wall > *Rumney > New Hampshire",https://www.mountainproject.com/route/106117095/shame-on-a-chippa,3.2,-1,Sport,5.13+,1,50,43.80188,-71.8375
"Double Dynos","The Very Nice Crag > *Rumney > New Hampshire",https://www.mountainproject.com/route/108370950/double-dynos,3.0,-1,Sport,5.12c,1,60,43.80545,-71.84486
"Blues for Mowgli","Triple Corners Left > Triple Corners > *Rumney > New Hampshire",https://www.mountainproject.com/route/106315966/blues-for-mowgli,3.0,-1,Sport,5.12d,1,50,43.80406,-71.84251
"The Boogieman","Monsters from the Id > *Rumney > New Hampshire",https://www.mountainproject.com/route/107952208/the-boogieman,3.0,-1,Sport,5.13d,1,40,43.80226,-71.83997
"Bridge to Nowhere","Yellowknife Buttress > *Rumney > New Hampshire",https://www.mountainproject.com/route/106825276/bridge-to-nowhere,3.0,-1,Sport,5.9,1,,43.80532,-71.84351
Goldmember,"The Main Cliff > *Rumney > New Hampshire",https://www.mountainproject.com/route/106101666/goldmember,2.9,-1,Sport,5.12c,1,,43.80249,-71.83593
"Mercury on a Halfshell","Venus Wall > *Rumney > New Hampshire",https://www.mountainproject.com/route/112314334/mercury-on-a-halfshell,3.0,-1,Sport,5.12c/d,1,,43.80188,-71.8375
"Riviera Don't Surf (Aka Riverboat Charlie)","Waimea > *Rumney > New Hampshire",https://www.mountainproject.com/route/122403232/riviera-dont-surf-aka-riverboat-charlie,3.0,-1,Sport,5.13d,1,40,43.80386,-71.84091
"You Dirty Dog","Kennel Wall > *Rumney > New Hampshire",https://www.mountainproject.com/route/110617442/you-dirty-dog,3.0,-1,Sport,5.13b,1,30,43.80329,-71.83444
"The Gospel According to Mark","Summit Cliff (The Highlands) > *Rumney > New Hampshire",https://www.mountainproject.com/route/107391121/the-gospel-according-to-mark,3.0,-1,Sport,5.11c,1,75,43.80549,-71.84378
"Karmic Realignment","Summit Cliff (The Highlands) > *Rumney > New Hampshire",https://www.mountainproject.com/route/109474768/karmic-realignment,3.0,-1,Sport,5.12a,1,,43.80549,-71.84378
"No Boundaries (Link Up)","Boundary Rock > *Rumney > New Hampshire",https://www.mountainproject.com/route/123382640/no-boundaries-link-up,3.0,-1,Sport,5.10b,1,45,43.8021,-71.8367
"Kevin Donovan Appreciation Route (Nexus extension)","Buffalo Pit > *Rumney > New Hampshire",https://www.mountainproject.com/route/123410457/kevin-donovan-appreciation-route-nexus-extension,3.0,-1,Sport,5.13,1,45,43.80386,-71.84992
"Social Doodle","Bonsai > *Rumney > New Hampshire",https://www.mountainproject.com/route/122555322/social-doodle,3.0,-1,Sport,5.12b,1,,43.80288,-71.83926
"Open Project","Waimea > *Rumney > New Hampshire",https://www.mountainproject.com/route/107990677/open-project,3.0,-1,Sport,5.13c,1,70,43.80386,-71.84091
"Flying Fish","Waimea > *Rumney > New Hampshire",https://www.mountainproject.com/route/107990781/flying-fish,3.0,-1,Sport,5.13c,1,75,43.80386,-71.84091
"Daze of Dark Scrutiny","New Wave > *Rumney > New Hampshire",https://www.mountainproject.com/route/109513748/daze-of-dark-scrutiny,3.0,-1,Sport,5.12+,1,,43.80285,-71.83444
"So Alone","Wonderland > *Rumney > New Hampshire",https://www.mountainproject.com/route/106858279/so-alone,3.0,-1,"Sport, Alpine",5.11b/c,1,40,43.8021,-71.8367
"Chris Buckley's Arete","The Monolith > *Rumney > New Hampshire",https://www.mountainproject.com/route/107761357/chris-buckleys-arete,3.0,-1,Sport,5.7,1,100,43.8021,-71.8367
"Mr. Gerbick (Refined)","Waimea > *Rumney > New Hampshire",https://www.mountainproject.com/route/123448576/mr-gerbick-refined,3.0,-1,Sport,5.14b,1,50,43.80386,-71.84091
"Catch the Wave","Waimea > *Rumney > New Hampshire",https://www.mountainproject.com/route/107990633/catch-the-wave,2.9,-1,Sport,5.12c,1,65,43.80386,-71.84091
"Resurrection Stone","Main Cliff Right > *Rumney > New Hampshire",https://www.mountainproject.com/route/124206702/resurrection-stone,3.0,-1,Sport,5.9-,1,100,43.8027,-71.83554
